Workbook
Name MasterKain: Master!$B$6:$E$25
Name ListWarna: Master!$B$6:$B$25
Name OngkosJahit: Master!$C$29
Name OngkosSablon: Master!$C$30
Name BiayaLain: Master!$C$31
Name Margin: Master!$C$32

Sheet Petunjuk
B2: FORMAT HPP KONVEKSI / SABLON KAOS
B5: APA INI?
B6: File untuk menghitung Harga Pokok Produksi (HPP) kaos berdasarkan warna kain.
B7: Satu warna kain bisa dipakai untuk beberapa design — tinggal tambah baris.
B9: WARNA SEL (kode warna)
B10: KUNING = sel input, boleh kamu isi/ubah sesuai kebutuhan.
B11: HIJAU = hasil hitung otomatis (jangan diubah, sudah ada rumus).
B12: ORANYE = data master (harga kain & biaya default).
B14: CARA PAKAI
B15: 1. Buka sheet 'Master'. Isi daftar warna kain, harga kain /Kg, dan
B16: estimasi berapa pcs kaos jadi dari 1 Kg kain. Isi juga biaya default.
B17: 2. Buka sheet 'Kalkulasi HPP'. Pilih Warna Kain dari dropdown,
... B28: Harga Jual /pcs = HPP /pcs x (1 + Margin %)

Sheet Master
B2: MASTER DATA — silakan edit angka di sini
B4: 1. MASTER KAIN
B5: Warna Kain | C5: Jenis Kain | D5: Harga Kain /Kg | E5: Pcs per Kg
B6: Hitam | C6: Cotton Combed 30s | D6: 95000 | E6: 4
B7: Putih | C7: Cotton Combed 30s | D7: 90000 | E7: 4
B8: Navy | C8: Cotton Combed 30s | D8: 98000 | E8: 4
B9: Maroon | C9: Cotton Combed 30s | D9: 98000 | E9: 4
B10: Abu Misty | C10: Cotton Combed 30s | D10: 92000 | E10: 4
B11: Merah | C11: Cotton Combed 24s | D11: 99000 | E11: 3
B27: 2. BIAYA PRODUKSI DEFAULT (per pcs)
B28: Komponen | C28: Nilai Default
B29: Ongkos Jahit /pcs | C29: 8000
B30: Ongkos Sablon /pcs | C30: 7000
B31: Biaya Lain /pcs (label, packaging, dll) | C31: 3000
B32: Margin Keuntungan | C32: 0.4

Sheet Kalkulasi HPP
A1: KALKULASI HPP — KONVEKSI / SABLON KAOS
A3: No | B3: Warna Kain | C3: Design | D3: Jumlah (pcs) | E3: Harga Kain /Kg | F3: Pcs / Kg | G3: Biaya Kain /pcs | H3: Ongkos Jahit /pcs | I3: Ongkos Sablon /pcs | J3: Biaya Lain /pcs | K3: Transport (batch) | L3: Biaya Lain2 (batch) | M3: HPP /pcs | N3: Total HPP | O3: Margin | P3: Harga Jual /pcs | Q3: Total Jual | R3: Laba
A4: =IF($B4="","",ROW()-3) | B4: Hitam | C4: Logo Depan 1 Warna | D4: 50 | E4: =IF($B4="","",IFERROR(VLOOKUP($B4,MasterKain,3,FALSE),0)) | F4: =IF($B4="","",IFERROR(VLOOKUP($B4,MasterKain,4,FALSE),0)) | G4: =IF(OR($B4="",$F4=0),"",$E4/$F4) | H4: =IF($B4="","",OngkosJahit) | I4: =IF($B4="","",OngkosSablon) | J4: =IF($B4="","",BiayaLain) | M4: =IF(OR($B4="",$D4=0),"",$G4+$H4+$I4+$J4+(N($K4)+N($L4))/$D4) | N4: =IF($M4="","",$M4*$D4) | O4: =IF($B4="","",Margin) | P4: =IF($M4="","",$M4*(1+$O4)) | Q4: =IF($P4="","",$P4*$D4) | R4: =IF($Q4="","",$Q4-$N4)
A5: =IF($B5="","",ROW()-3) | B5: Hitam | C5: Full Print Belakang | D5: 30 | E5: =IF($B5="","",IFERROR(VLOOKUP($B5,MasterKain,3,FALSE),0)) | F5: =IF($B5="","",IFERROR(VLOOKUP($B5,MasterKain,4,FALSE),0)) | G5: =IF(OR($B5="",$F5=0),"",$E5/$F5) | H5: =IF($B5="","",OngkosJahit) | I5: =IF($B5="","",OngkosSablon) | J5: =IF($B5="","",BiayaLain) | K5: 25000 | M5: =IF(OR($B5="",$D5=0),"",$G5+$H5+$I5+$J5+(N($K5)+N($L5))/$D5) | N5: =IF($M5="","",$M5*$D5) | O5: =IF($B5="","",Margin) | P5: =IF($M5="","",$M5*(1+$O5)) | Q5: =IF($P5="","",$P5*$D5) | R5: =IF($Q5="","",$Q5-$N5)
A6: =IF($B6="","",ROW()-3) | B6: Putih | C6: Sablon 3 Warna | D6: 40 | E6: =IF($B6="","",IFERROR(VLOOKUP($B6,MasterKain,3,FALSE),0)) | F6: =IF($B6="","",IFERROR(VLOOKUP($B6,MasterKain,4,FALSE),0)) | G6: =IF(OR($B6="",$F6=0),"",$E6/$F6) | H6: =IF($B6="","",OngkosJahit) | I6: =IF($B6="","",OngkosSablon) | J6: =IF($B6="","",BiayaLain) | K6: 30000 | M6: =IF(OR($B6="",$D6=0),"",$G6+$H6+$I6+$J6+(N($K6)+N($L6))/$D6) | N6: =IF($M6="","",$M6*$D6) | O6: =IF($B6="","",Margin) | P6: =IF($M6="","",$M6*(1+$O6)) | Q6: =IF($P6="","",$P6*$D6) | R6: =IF($Q6="","",$Q6-$N6)
A7: =IF($B7="","",ROW()-3) | E7: =IF($B7="","",IFERROR(VLOOKUP($B7,MasterKain,3,FALSE),0)) | F7: =IF($B7="","",IFERROR(VLOOKUP($B7,MasterKain,4,FALSE),0)) | G7: =IF(OR($B7="",$F7=0),"",$E7/$F7) | H7: =IF($B7="","",OngkosJahit) | I7: =IF($B7="","",OngkosSablon) | J7: =IF($B7="","",BiayaLain) | M7: =IF(OR($B7="",$D7=0),"",$G7+$H7+$I7+$J7+(N($K7)+N($L7))/$D7) | N7: =IF($M7="","",$M7*$D7) | O7: =IF($B7="","",Margin) | P7: =IF($M7="","",$M7*(1+$O7)) | Q7: =IF($P7="","",$P7*$D7) | R7: =IF($Q7="","",$Q7-$N7)
A8: =IF($B8="","",ROW()-3) | E8: =IF($B8="","",IFERROR(VLOOKUP($B8,MasterKain,3,FALSE),0)) | F8: =IF($B8="","",IFERROR(VLOOKUP($B8,MasterKain,4,FALSE),0)) | G8: =IF(OR($B8="",$F8=0),"",$E8/$F8) | H8: =IF($B8="","",OngkosJahit) | I8: =IF($B8="","",OngkosSablon) | J8: =IF($B8="","",BiayaLain) | M8: =IF(OR($B8="",$D8=0),"",$G8+$H8+$I8+$J8+(N($K8)+N($L8))/$D8) | N8: =IF($M8="","",$M8*$D8) | O8: =IF($B8="","",Margin) | P8: =IF($M8="","",$M8*(1+$O8)) | Q8: =IF($P8="","",$P8*$D8) | R8: =IF($Q8="","",$Q8-$N8)
A9: =IF($B9="","",ROW()-3) | E9: =IF($B9="","",IFERROR(VLOOKUP($B9,MasterKain,3,FALSE),0)) | F9: =IF($B9="","",IFERROR(VLOOKUP($B9,MasterKain,4,FALSE),0)) | G9: =IF(OR($B9="",$F9=0),"",$E9/$F9) | H9: =IF($B9="","",OngkosJahit) | I9: =IF($B9="","",OngkosSablon) | J9: =IF($B9="","",BiayaLain) | M9: =IF(OR($B9="",$D9=0),"",$G9+$H9+$I9+$J9+(N($K9)+N($L9))/$D9) | N9: =IF($M9="","",$M9*$D9) | O9: =IF($B9="","",Margin) | P9: =IF($M9="","",$M9*(1+$O9)) | Q9: =IF($P9="","",$P9*$D9) | R9: =IF($Q9="","",$Q9-$N9)
A10: =IF($B10="","",ROW()-3) | E10: =IF($B10="","",IFERROR(VLOOKUP($B10,MasterKain,3,FALSE),0)) | F10: =IF($B10="","",IFERROR(VLOOKUP($B10,MasterKain,4,FALSE),0)) | G10: =IF(OR($B10="",$F10=0),"",$E10/$F10) | H10: =IF($B10="","",OngkosJahit) | I10: =IF($B10="","",OngkosSablon) | J10: =IF($B10="","",BiayaLain) | M10: =IF(OR($B10="",$D10=0),"",$G10+$H10+$I10+$J10+(N($K10)+N($L10))/$D10) | N10: =IF($M10="","",$M10*$D10) | O10: =IF($B10="","",Margin) | P10: =IF($M10="","",$M10*(1+$O10)) | Q10: =IF($P10="","",$P10*$D10) | R10: =IF($Q10="","",$Q10-$N10)
A11: =IF($B11="","",ROW()-3) | E11: =IF($B11="","",IFERROR(VLOOKUP($B11,MasterKain,3,FALSE),0)) | F11: =IF($B11="","",IFERROR(VLOOKUP($B11,MasterKain,4,FALSE),0)) | G11: =IF(OR($B11="",$F11=0),"",$E11/$F11) | H11: =IF($B11="","",OngkosJahit) | I11: =IF($B11="","",OngkosSablon) | J11: =IF($B11="","",BiayaLain) | M11: =IF(OR($B11="",$D11=0),"",$G11+$H11+$I11+$J11+(N($K11)+N($L11))/$D11) | N11: =IF($M11="","",$M11*$D11) | O11: =IF($B11="","",Margin) | P11: =IF($M11="","",$M11*(1+$O11)) | Q11: =IF($P11="","",$P11*$D11) | R11: =IF($Q11="","",$Q11-$N11)
A12: =IF($B12="","",ROW()-3) | E12: =IF($B12="","",IFERROR(VLOOKUP($B12,MasterKain,3,FALSE),0)) | F12: =IF($B12="","",IFERROR(VLOOKUP($B12,MasterKain,4,FALSE),0)) | G12: =IF(OR($B12="",$F12=0),"",$E12/$F12) | H12: =IF($B12="","",OngkosJahit) | I12: =IF($B12="","",OngkosSablon) | J12: =IF($B12="","",BiayaLain) | M12: =IF(OR($B12="",$D12=0),"",$G12+$H12+$I12+$J12+(N($K12)+N($L12))/$D12) | N12: =IF($M12="","",$M12*$D12) | O12: =IF($B12="","",Margin) | P12: =IF($M12="","",$M12*(1+$O12)) | Q12: =IF($P12="","",$P12*$D12) | R12: =IF($Q12="","",$Q12-$N12)
A13: =IF($B13="","",ROW()-3) | E13: =IF($B13="","",IFERROR(VLOOKUP($B13,MasterKain,3,FALSE),0)) | F13: =IF($B13="","",IFERROR(VLOOKUP($B13,MasterKain,4,FALSE),0)) | G13: =IF(OR($B13="",$F13=0),"",$E13/$F13) | H13: =IF($B13="","",OngkosJahit) | I13: =IF($B13="","",OngkosSablon) | J13: =IF($B13="","",BiayaLain) | M13: =IF(OR($B13="",$D13=0),"",$G13+$H13+$I13+$J13+(N($K13)+N($L13))/$D13) | N13: =IF($M13="","",$M13*$D13) | O13: =IF($B13="","",Margin) | P13: =IF($M13="","",$M13*(1+$O13)) | Q13: =IF($P13="","",$P13*$D13) | R13: =IF($Q13="","",$Q13-$N13)
A14: =IF($B14="","",ROW()-3) | E14: =IF($B14="","",IFERROR(VLOOKUP($B14,MasterKain,3,FALSE),0)) | F14: =IF($B14="","",IFERROR(VLOOKUP($B14,MasterKain,4,FALSE),0)) | G14: =IF(OR($B14="",$F14=0),"",$E14/$F14) | H14: =IF($B14="","",OngkosJahit) | I14: =IF($B14="","",OngkosSablon) | J14: =IF($B14="","",BiayaLain) | M14: =IF(OR($B14="",$D14=0),"",$G14+$H14+$I14+$J14+(N($K14)+N($L14))/$D14) | N14: =IF($M14="","",$M14*$D14) | O14: =IF($B14="","",Margin) | P14: =IF($M14="","",$M14*(1+$O14)) | Q14: =IF($P14="","",$P14*$D14) | R14: =IF($Q14="","",$Q14-$N14)
A15: =IF($B15="","",ROW()-3) | E15: =IF($B15="","",IFERROR(VLOOKUP($B15,MasterKain,3,FALSE),0)) | F15: =IF($B15="","",IFERROR(VLOOKUP($B15,MasterKain,4,FALSE),0)) | G15: =IF(OR($B15="",$F15=0),"",$E15/$F15) | H15: =IF($B15="","",OngkosJahit) | I15: =IF($B15="","",OngkosSablon) | J15: =IF($B15="","",BiayaLain) | M15: =IF(OR($B15="",$D15=0),"",$G15+$H15+$I15+$J15+(N($K15)+N($L15))/$D15) | N15: =IF($M15="","",$M15*$D15) | O15: =IF($B15="","",Margin) | P15: =IF($M15="","",$M15*(1+$O15)) | Q15: =IF($P15="","",$P15*$D15) | R15: =IF($Q15="","",$Q15-$N15)
A16: =IF($B16="","",ROW()-3) | E16: =IF($B16="","",IFERROR(VLOOKUP($B16,MasterKain,3,FALSE),0)) | F16: =IF($B16="","",IFERROR(VLOOKUP($B16,MasterKain,4,FALSE),0)) | G16: =IF(OR($B16="",$F16=0),"",$E16/$F16) | H16: =IF($B16="","",OngkosJahit) | I16: =IF($B16="","",OngkosSablon) | J16: =IF($B16="","",BiayaLain) | M16: =IF(OR($B16="",$D16=0),"",$G16+$H16+$I16+$J16+(N($K16)+N($L16))/$D16) | N16: =IF($M16="","",$M16*$D16) | O16: =IF($B16="","",Margin) | P16: =IF($M16="","",$M16*(1+$O16)) | Q16: =IF($P16="","",$P16*$D16) | R16: =IF($Q16="","",$Q16-$N16)
A17: =IF($B17="","",ROW()-3) | E17: =IF($B17="","",IFERROR(VLOOKUP($B17,MasterKain,3,FALSE),0)) | F17: =IF($B17="","",IFERROR(VLOOKUP($B17,MasterKain,4,FALSE),0)) | G17: =IF(OR($B17="",$F17=0),"",$E17/$F17) | H17: =IF($B17="","",OngkosJahit) | I17: =IF($B17="","",OngkosSablon) | J17: =IF($B17="","",BiayaLain) | M17: =IF(OR($B17="",$D17=0),"",$G17+$H17+$I17+$J17+(N($K17)+N($L17))/$D17) | N17: =IF($M17="","",$M17*$D17) | O17: =IF($B17="","",Margin) | P17: =IF($M17="","",$M17*(1+$O17)) | Q17: =IF($P17="","",$P17*$D17) | R17: =IF($Q17="","",$Q17-$N17)
A18: =IF($B18="","",ROW()-3) | E18: =IF($B18="","",IFERROR(VLOOKUP($B18,MasterKain,3,FALSE),0)) | F18: =IF($B18="","",IFERROR(VLOOKUP($B18,MasterKain,4,FALSE),0)) | G18: =IF(OR($B18="",$F18=0),"",$E18/$F18) | H18: =IF($B18="","",OngkosJahit) | I18: =IF($B18="","",OngkosSablon) | J18: =IF($B18="","",BiayaLain) | M18: =IF(OR($B18="",$D18=0),"",$G18+$H18+$I18+$J18+(N($K18)+N($L18))/$D18) | N18: =IF($M18="","",$M18*$D18) | O18: =IF($B18="","",Margin) | P18: =IF($M18="","",$M18*(1+$O18)) | Q18: =IF($P18="","",$P18*$D18) | R18: =IF($Q18="","",$Q18-$N18)
... A43: =IF($B43="","",ROW()-3) | E43: =IF($B43="","",IFERROR(VLOOKUP($B43,MasterKain,3,FALSE),0)) | F43: =IF($B43="","",IFERROR(VLOOKUP($B43,MasterKain,4,FALSE),0)) | G43: =IF(OR($B43="",$F43=0),"",$E43/$F43) | H43: =IF($B43="","",OngkosJahit) | I43: =IF($B43="","",OngkosSablon) | J43: =IF($B43="","",BiayaLain) | M43: =IF(OR($B43="",$D43=0),"",$G43+$H43+$I43+$J43+(N($K43)+N($L43))/$D43) | N43: =IF($M43="","",$M43*$D43) | O43: =IF($B43="","",Margin) | P43: =IF($M43="","",$M43*(1+$O43)) | Q43: =IF($P43="","",$P43*$D43) | R43: =IF($Q43="","",$Q43-$N43)
C44: TOTAL | D44: =SUM(D4:D43) | N44: =SUM(N4:N43) | Q44: =SUM(Q4:Q43) | R44: =SUM(R4:R43)

Sheet Ringkasan
B2: RINGKASAN HPP & LABA | E2: REKAP PER WARNA KAIN
E3: Warna Kain | F3: Total pcs | G3: Total HPP | H3: Total Laba
B4: Total Produksi (pcs) | C4: =SUM('Kalkulasi HPP'!D4:D43) | E4: =IF(Master!B6="","",Master!B6) | F4: =IF(Master!B6="","",SUMIF('Kalkulasi HPP'!$B$4:$B$43,Master!B6,'Kalkulasi HPP'!$D$4:$D$43)) | G4: =IF(Master!B6="","",SUMIF('Kalkulasi HPP'!$B$4:$B$43,Master!B6,'Kalkulasi HPP'!$N$4:$N$43)) | H4: =IF(Master!B6="","",SUMIF('Kalkulasi HPP'!$B$4:$B$43,Master!B6,'Kalkulasi HPP'!$R$4:$R$43))
B5: Total HPP | C5: =SUM('Kalkulasi HPP'!N4:N43) | E5: =IF(Master!B7="","",Master!B7) | F5: =IF(Master!B7="","",SUMIF('Kalkulasi HPP'!$B$4:$B$43,Master!B7,'Kalkulasi HPP'!$D$4:$D$43)) | G5: =IF(Master!B7="","",SUMIF('Kalkulasi HPP'!$B$4:$B$43,Master!B7,'Kalkulasi HPP'!$N$4:$N$43)) | H5: =IF(Master!B7="","",SUMIF('Kalkulasi HPP'!$B$4:$B$43,Master!B7,'Kalkulasi HPP'!$R$4:$R$43))
B6: Total Penjualan | C6: =SUM('Kalkulasi HPP'!Q4:Q43) | E6: =IF(Master!B8="","",Master!B8) | F6: =IF(Master!B8="","",SUMIF('Kalkulasi HPP'!$B$4:$B$43,Master!B8,'Kalkulasi HPP'!$D$4:$D$43)) | G6: =IF(Master!B8="","",SUMIF('Kalkulasi HPP'!$B$4:$B$43,Master!B8,'Kalkulasi HPP'!$N$4:$N$43)) | H6: =IF(Master!B8="","",SUMIF('Kalkulasi HPP'!$B$4:$B$43,Master!B8,'Kalkulasi HPP'!$R$4:$R$43))
B7: Total Laba | C7: =SUM('Kalkulasi HPP'!R4:R43) | E7: =IF(Master!B9="","",Master!B9) | F7: =IF(Master!B9="","",SUMIF('Kalkulasi HPP'!$B$4:$B$43,Master!B9,'Kalkulasi HPP'!$D$4:$D$43)) | G7: =IF(Master!B9="","",SUMIF('Kalkulasi HPP'!$B$4:$B$43,Master!B9,'Kalkulasi HPP'!$N$4:$N$43)) | H7: =IF(Master!B9="","",SUMIF('Kalkulasi HPP'!$B$4:$B$43,Master!B9,'Kalkulasi HPP'!$R$4:$R$43))
B8: Rata-rata HPP /pcs | C8: =IFERROR(C5/C4,0) | E8: =IF(Master!B10="","",Master!B10) | F8: =IF(Master!B10="","",SUMIF('Kalkulasi HPP'!$B$4:$B$43,Master!B10,'Kalkulasi HPP'!$D$4:$D$43)) | G8: =IF(Master!B10="","",SUMIF('Kalkulasi HPP'!$B$4:$B$43,Master!B10,'Kalkulasi HPP'!$N$4:$N$43)) | H8: =IF(Master!B10="","",SUMIF('Kalkulasi HPP'!$B$4:$B$43,Master!B10,'Kalkulasi HPP'!$R$4:$R$43))
B9: Margin Laba (%) | C9: =IFERROR(C7/C6,0) | E9: =IF(Master!B11="","",Master!B11) | F9: =IF(Master!B11="","",SUMIF('Kalkulasi HPP'!$B$4:$B$43,Master!B11,'Kalkulasi HPP'!$D$4:$D$43)) | G9: =IF(Master!B11="","",SUMIF('Kalkulasi HPP'!$B$4:$B$43,Master!B11,'Kalkulasi HPP'!$N$4:$N$43)) | H9: =IF(Master!B11="","",SUMIF('Kalkulasi HPP'!$B$4:$B$43,Master!B11,'Kalkulasi HPP'!$R$4:$R$43))
E10: =IF(Master!B12="","",Master!B12) | F10: =IF(Master!B12="","",SUMIF('Kalkulasi HPP'!$B$4:$B$43,Master!B12,'Kalkulasi HPP'!$D$4:$D$43)) | G10: =IF(Master!B12="","",SUMIF('Kalkulasi HPP'!$B$4:$B$43,Master!B12,'Kalkulasi HPP'!$N$4:$N$43)) | H10: =IF(Master!B12="","",SUMIF('Kalkulasi HPP'!$B$4:$B$43,Master!B12,'Kalkulasi HPP'!$R$4:$R$43))
E11: =IF(Master!B13="","",Master!B13) | F11: =IF(Master!B13="","",SUMIF('Kalkulasi HPP'!$B$4:$B$43,Master!B13,'Kalkulasi HPP'!$D$4:$D$43)) | G11: =IF(Master!B13="","",SUMIF('Kalkulasi HPP'!$B$4:$B$43,Master!B13,'Kalkulasi HPP'!$N$4:$N$43)) | H11: =IF(Master!B13="","",SUMIF('Kalkulasi HPP'!$B$4:$B$43,Master!B13,'Kalkulasi HPP'!$R$4:$R$43))
E12: =IF(Master!B14="","",Master!B14) | F12: =IF(Master!B14="","",SUMIF('Kalkulasi HPP'!$B$4:$B$43,Master!B14,'Kalkulasi HPP'!$D$4:$D$43)) | G12: =IF(Master!B14="","",SUMIF('Kalkulasi HPP'!$B$4:$B$43,Master!B14,'Kalkulasi HPP'!$N$4:$N$43)) | H12: =IF(Master!B14="","",SUMIF('Kalkulasi HPP'!$B$4:$B$43,Master!B14,'Kalkulasi HPP'!$R$4:$R$43))
E13: =IF(Master!B15="","",Master!B15) | F13: =IF(Master!B15="","",SUMIF('Kalkulasi HPP'!$B$4:$B$43,Master!B15,'Kalkulasi HPP'!$D$4:$D$43)) | G13: =IF(Master!B15="","",SUMIF('Kalkulasi HPP'!$B$4:$B$43,Master!B15,'Kalkulasi HPP'!$N$4:$N$43)) | H13: =IF(Master!B15="","",SUMIF('Kalkulasi HPP'!$B$4:$B$43,Master!B15,'Kalkulasi HPP'!$R$4:$R$43))
E14: =IF(Master!B16="","",Master!B16) | F14: =IF(Master!B16="","",SUMIF('Kalkulasi HPP'!$B$4:$B$43,Master!B16,'Kalkulasi HPP'!$D$4:$D$43)) | G14: =IF(Master!B16="","",SUMIF('Kalkulasi HPP'!$B$4:$B$43,Master!B16,'Kalkulasi HPP'!$N$4:$N$43)) | H14: =IF(Master!B16="","",SUMIF('Kalkulasi HPP'!$B$4:$B$43,Master!B16,'Kalkulasi HPP'!$R$4:$R$43))
E15: =IF(Master!B17="","",Master!B17) | F15: =IF(Master!B17="","",SUMIF('Kalkulasi HPP'!$B$4:$B$43,Master!B17,'Kalkulasi HPP'!$D$4:$D$43)) | G15: =IF(Master!B17="","",SUMIF('Kalkulasi HPP'!$B$4:$B$43,Master!B17,'Kalkulasi HPP'!$N$4:$N$43)) | H15: =IF(Master!B17="","",SUMIF('Kalkulasi HPP'!$B$4:$B$43,Master!B17,'Kalkulasi HPP'!$R$4:$R$43))
E16: =IF(Master!B18="","",Master!B18) | F16: =IF(Master!B18="","",SUMIF('Kalkulasi HPP'!$B$4:$B$43,Master!B18,'Kalkulasi HPP'!$D$4:$D$43)) | G16: =IF(Master!B18="","",SUMIF('Kalkulasi HPP'!$B$4:$B$43,Master!B18,'Kalkulasi HPP'!$N$4:$N$43)) | H16: =IF(Master!B18="","",SUMIF('Kalkulasi HPP'!$B$4:$B$43,Master!B18,'Kalkulasi HPP'!$R$4:$R$43))
E17: =IF(Master!B19="","",Master!B19) | F17: =IF(Master!B19="","",SUMIF('Kalkulasi HPP'!$B$4:$B$43,Master!B19,'Kalkulasi HPP'!$D$4:$D$43)) | G17: =IF(Master!B19="","",SUMIF('Kalkulasi HPP'!$B$4:$B$43,Master!B19,'Kalkulasi HPP'!$N$4:$N$43)) | H17: =IF(Master!B19="","",SUMIF('Kalkulasi HPP'!$B$4:$B$43,Master!B19,'Kalkulasi HPP'!$R$4:$R$43))
E18: =IF(Master!B20="","",Master!B20) | F18: =IF(Master!B20="","",SUMIF('Kalkulasi HPP'!$B$4:$B$43,Master!B20,'Kalkulasi HPP'!$D$4:$D$43)) | G18: =IF(Master!B20="","",SUMIF('Kalkulasi HPP'!$B$4:$B$43,Master!B20,'Kalkulasi HPP'!$N$4:$N$43)) | H18: =IF(Master!B20="","",SUMIF('Kalkulasi HPP'!$B$4:$B$43,Master!B20,'Kalkulasi HPP'!$R$4:$R$43))
E19: =IF(Master!B21="","",Master!B21) | F19: =IF(Master!B21="","",SUMIF('Kalkulasi HPP'!$B$4:$B$43,Master!B21,'Kalkulasi HPP'!$D$4:$D$43)) | G19: =IF(Master!B21="","",SUMIF('Kalkulasi HPP'!$B$4:$B$43,Master!B21,'Kalkulasi HPP'!$N$4:$N$43)) | H19: =IF(Master!B21="","",SUMIF('Kalkulasi HPP'!$B$4:$B$43,Master!B21,'Kalkulasi HPP'!$R$4:$R$43))
E20: =IF(Master!B22="","",Master!B22) | F20: =IF(Master!B22="","",SUMIF('Kalkulasi HPP'!$B$4:$B$43,Master!B22,'Kalkulasi HPP'!$D$4:$D$43)) | G20: =IF(Master!B22="","",SUMIF('Kalkulasi HPP'!$B$4:$B$43,Master!B22,'Kalkulasi HPP'!$N$4:$N$43)) | H20: =IF(Master!B22="","",SUMIF('Kalkulasi HPP'!$B$4:$B$43,Master!B22,'Kalkulasi HPP'!$R$4:$R$43))
E21: =IF(Master!B23="","",Master!B23) | F21: =IF(Master!B23="","",SUMIF('Kalkulasi HPP'!$B$4:$B$43,Master!B23,'Kalkulasi HPP'!$D$4:$D$43)) | G21: =IF(Master!B23="","",SUMIF('Kalkulasi HPP'!$B$4:$B$43,Master!B23,'Kalkulasi HPP'!$N$4:$N$43)) | H21: =IF(Master!B23="","",SUMIF('Kalkulasi HPP'!$B$4:$B$43,Master!B23,'Kalkulasi HPP'!$R$4:$R$43))
... E23: =IF(Master!B25="","",Master!B25) | F23: =IF(Master!B25="","",SUMIF('Kalkulasi HPP'!$B$4:$B$43,Master!B25,'Kalkulasi HPP'!$D$4:$D$43)) | G23: =IF(Master!B25="","",SUMIF('Kalkulasi HPP'!$B$4:$B$43,Master!B25,'Kalkulasi HPP'!$N$4:$N$43)) | H23: =IF(Master!B25="","",SUMIF('Kalkulasi HPP'!$B$4:$B$43,Master!B25,'Kalkulasi HPP'!$R$4:$R$43))
